Product Name	Company Name	Price
Womens Summer Ruffle Sleeve V Neck Midi Dress 2024 Fashion Casual Fit Flowy Tiered Boho Beach Vacation Sundress	ANRABESS	"$38
99 Typical:
$44.99"
Women Summer Slim Sleeveless Scoop Neck A-Line Flare Sun Dresses	Herou	"$27
99"
Women's 2024 Summer Dress Halter Casual Beach Vacation Outfits Hawaiian Dresses Ruffle Belted Sundress with Pockets	Newshows	"$40
99 List:
$45.99"
Women's 2024 Floral Boho Dress Wrap V Neck Short Sleeve Belted Ruffle Hem A-Line Flowy Maxi Dresses	PRETTYGARDEN	"$47
99"
Casual Dresses for Women Sleeveless Cotton Summer Beach Dress A Line Spaghetti Strap Sundresses with Pockets		"$17
89 List:
$38.99"
Womens Summer Ruffle Sleeve V Neck Midi Dress 2024 Fashion Casual Fit Flowy Tiered Boho Beach Vacation Sundress	ANRABESS	"$38
99 Typical:
$44.99"
Women's Casual Sleeveless Bodycon Beach Tank Ruched Mini Dresses	LILLUSORY	"$24
99 Typical:
$29.99"
Women Casual Loose Sundress Sleeveless Split Maxi Long Beach Shirt Dress Travel Vacation 2024 Summer Outfits	ANRABESS	"$34
99 List:
$42.99"
Womens Sundress Summer Floral Short Sleeve Wrap V Neck A-Line Midi Dress	FENSACE	"$33
99"
Women's Summer Striped Short Sleeve T Shirt Dress Casual Tie Waist with Pockets	MEROKEETY	"$36
99 List:
$47.99"
Women's Summer Midi Square Neck Dress Cute Floral Flowy A-line Tank Sundresses for Women 2024	ZABERRY	"$40
99"
Women Casual Beach Summer Dress Boho Tassel Tie Neck 3/4 Long Sleeve Short Floral Print Flowy Cover Up Sundresses	HOTOUCH	"$25
49 List:
$35.99"
Womens Summer Casual Halter Dress Crochet Hollow Out A-line Floral Boho Beach Sundresses with Pockets	Bluetime	"$33
99"
Women's Summer Dresses 2024 Spring Floral V Neck Adjustable Spaghetti Casual Beach Outfits Clothes Flowy Wrap Dress	ULTRANICE	"$24
99"
Summer Dresses for Women 2024 Sundresses Sleeveless Beach Swimsuit Cover Ups Spring Casual Loose Tank Tshirt Dress	Disamer	"$28
98"
Womens Sleeveless V Neck Dress with Pocket Summer Beach Midi Flared Tank Dress	HUHOT	"$31
99 List:
$40.99"
Womens Dresses 2024 Spring Summer Deep V Neck Elegant Bow tie Mini Dress S-XL	Dokotoo	"$38
99"
Womens Summer Casual Sleeveless Square Neck Smocked Ruffle Backless Boho Mini Dress 2024 Trendy Short Sundress	ANRABESS	"$37
99"
Summer Dresses for Women 2024 Casual Beach Sleeveless Floral Print Tank Loose Sundress with Pocket	elescat	"$19
99"
Womens Summer Dresses 2024 Loose V Neck Sleeveless Sundresses Swimsuit Coverup with Pockets Floral/Plain/Eyelet	OFEEFAN	"$24
99"
Women Summer Casual Midi Dresses Short Sleeve V Neck Drawstring Knee Length T Shirt Dress with Split and Pocket	HUSKARY	"$32
99"
Summer Dresses for Women 2024 Vacation Beach Cover Ups Sleeveless Sundresses Casual Tank Dresses	ETCYY	"$27
98"
Women Summer Casual Short Sleeve Crewneck Aline Swing Flowy Tiered Shirt Maxi Beach Long Dress 2024 Trendy Outfits	ANRABESS	"$35
99 List:
$42.99"
Women's Summer Casual Loose Short Sleeve Long T Shirt Dress Split Maxi Beach Sundress Travel Vacation Outfits	ANRABESS	"$29
99 List:
$52.99"
Women Summer Dresses Sleeveless Casual Loose Swing Button Down Midi Dress with Pockets	MOLERANI	"$29
48 Typical:
$34.69"
Women's 2024 Summer Floral Boho Dress Square Neck Strapped Swing A Line Beach Long Maxi Dress	GRACE KARIN	"$52
99"
Summer Dresses for Women 2024 Trendy Boho Floral Print Beach Cover Up Casual Spring Sleeveless Sundresses	ETCYY	"$28
98"
Women's 2024 Halter Neck Floral Summer Casual Sundress	OUGES	"$23
99"
Women Summer Dresses Sleeveless Casual Loose Swing Button Down Midi Dress with Pockets	WNEEDU	"$26
33 List:
$31.99"
Women’s 2024 Summer Short Sleeve Crewneck T Shirt Maxi Dress Tie Waist Casual Slim Fit Slit Long Beach Dresses	ANRABESS	"$37
99"
Women's Summer Sleeveless Striped T Shirt Tank Midi Dress Casual Scoop Neck Bodycon Dresses	MEROKEETY	"$38
99"
Women's Summer Casual T-Shirt Vacation Dresses	MOLERANI	"$19
89"
Womens 2024 Summer V-Neck Drawstring Ruffle Cap Short Sleeve Side Pockets Mini Dress Sundress	Dokotoo	"$33
89"
Women 2024 Summer Ruffle Edge Sleeve Dresses Floral Casual Beach Mini Dress with Pocket	Dokotoo	"$19
99 Typical:
$23.99"
Women's Summer Casual Square Neck Dress with Pocket Cute Sleeveless High Waist A-line Sundress Dresses 2024	HUHOT	"$34
99"
Women's 2024 Summer Short Sleeve Casual Midi Dresses V Neck Floral Sundress Faux Wrap Dress with Pockets	Newshows	"$35
99"
Women 2024 Summer Maxi Dress Casual Floral Halter Neck Beach Hawaiian Outfits Wedding Guest Dress	KILIG	"$19
00 Typical:
$29.99"
Women Summer Casual Loose Sleeveless Sundress Spaghetti Strap Flowy Boho Linen Beach Vacation Maxi Long Dress 2024	ANRABESS	"$43
99 List:
$49.99"
Women's Summer Dresses 2024 Halter Neck Sleeveless Smocked Backless Cut Out Floral Flowy A Line Maxi Dress	GRACE KARIN	"$38
99 Typical:
$49.99"
Women’s 2024 Summer Casual Maxi Dress Flutter Sleeve Scoop Neck Smocked Tiered A Line Flowy Beach Long Sun Dresses	ANRABESS	"$29
99 List:
$40.99"
Womens 2024 Summer Sleeveless Spaghetti Strap Long Floral Maxi Dress Boho A Line Beach Sundresses	PRETTYGARDEN	"$46
99"
Womens Summer Dresses Beach Casual Loose Tshirt Floral Short Sleeve Flowy Pockets Sundresses	elescat	"$19
99"
Women 2024 Summer Sleeveless Tank Dresses Crew Neck Slim Fit Short Casual Ruched Bodycon Party Club Mini Dress	BTFBM	"$25
69 List:
$40.99"
Women 2024 Casual Maxi Dress Short Sleeve V Neck Stripe Sundress Split Loose Long Summer Beach T Shirt Dresses	MARZXIN	"$27
99"
Women Summer Casual Sleeveless Crewneck Sundress Aline Flowy Tiered Maxi Long Beach Dress Vacation Outfits	ANRABESS	"$34
99 List:
$37.99"
Women's Summer Spaghetti Strap Casual Swing Tank Beach Cover Up Dress with Pockets	MISFAY	"$19
99 List:
$35.99"
Womens Summer Dresses 2024 Sleeveless Button Down Smocked Elastic Waist Ruffle Tiered Casual Swing Mini Dress	Dokotoo	"$33
98"
Womens 2024 Summer Short Dress V Neck Short Sleeve A Line Hollow Out Lace Ruffle Cute Casual Beach Party Dresses	PRETTYGARDEN	"$49
99"
Women's 2024 Summer Trendy V Neck Ruffle Short Sleeve A Line Tiered Flowy Casual Mini Beach Dress with Pockets	ANRABESS	"$38
99"
Womens Summer Dress Lantern Sleeve Square Neck Tie Back Flowy A-Line Double Layer Hem Mini Dress	ETCYY NEW	"$35
98"
Women's Casual Short Sleeve Wrap Bodycon Ruched Tie Waist Summer Dress	LILLUSORY	"$34
99 List:
$49.99"
Womens Summer Casual Tank Dress Sleeveless V Neck T Shirt Sundress Flowy Tiered Swing Mini Beach Vacation Dresses	ANRABESS	"$36
99"
Women's Floral Wrap V-Neck Midi Dress Short Sleeve Boho Summer Beach Long Dress High Low Hem Smocked Dress Women	PRETTYGARDEN	"$44
98"
Women's 2024 Summer Casual Flutter Short Sleeve Crew Neck Smocked Elastic Waist Tiered Midi Dress	ZESICA	"$49
99 List:
$66.99"
Women's 2024 Summer Swing Mini Dress Casual Spaghetti Straps Sleeveless Smocked Backless Flowy A Line Sundress	ZESICA	"$33
99 Typical:
$39.99"
Summer Dresses for Women V Neck Cap Sleeve Ruffle Hem Smock Short Dress	SOLY HUX	"$44
99"
Womens Summer Casual V Neck Sleeveless Mini Dress 2024 Tie Shoulder Tiered Ruffle Swing A Line Short Sundresses	ZESICA	"$46
99 List:
$49.99"
Women's 2024 Summer Boho Floral Print Square Neck Ruffle Swing Beach Long Maxi Dress	ZESICA	"$42
99 List:
$57.99"
Womens Wrap V Neck Sleeveless Sundress Summer Flare Tank Dress with Pockets …	GUBERRY	"$32
99"
Summer Sleeveless Dresses with Pockets Beach Sundress Casual Tshirt Swing Dress	Moskill	"$17
99"
